laravel/laravel;laravelphp
symfony/symfony/;symfony
bcit-ci/CodeIgniter;CodeIgniter
yiisoft/yii2;yiiframework
phalcon/cphalcon;phalconphp
slimphp/Slim;slimphp
cakephp/cakephp;cakephp
sebastianbergmann/phpunit;s_bergmann
octobercms/october;octobercms
Sylius/Sylius;Sylius
anchorcms/anchor-cms;AnchorCMS
Codeception/Codeception;codeception
pyrocms/pyrocms;PyroCMS
bcosca/fatfree;phpfatfree
BootstrapCMS/CMS;GrahamJCampbell
getgrav/grav;getgrav
pagekit/pagekit;pagekit
bolt/bolt;BoltCM
picocms/Pico;gitpicocms
PrestaShop/PrestaShop;PrestaShop
joomla/joomla-cms;joomla
COCOPi/cockpit;getcockpit
forkcms/forkcms;fork_cms
phacility/phabricator;phabricator
piwik/piwik;piwik
CachetHQ/Cachet;cachethq
reactphp/react;reactphp
overtrue/wechat;WeChatApp
magento/magento2;magento
TYPO3/TYPO3.CMS;typo3
danielmiessler/SecLists;DanielMiessler